round,slice,frame,object_ref,cell,what,why,severity,owner,rule_id,evidence,action,rules_version,note
calib,C0,adasind_019560.jpg,L3,na,SPURIOUS,,,,,,,,
calib,C0,adasind_019560.jpg,L7,na,SPURIOUS,,,,,,,,
calib,C0,adasind_019560.jpg,L9,na,SPURIOUS,,,,,,,,
calib,C0,adasind_019560.jpg,L6,na,SPURIOUS,,,,,,,,
r2_qa,B4-center,adasind_270517.jpg,L8,L_only,ATTRIBUTE,,,qa,R05,adasind_270517.jpg L8,keep_with_reason,v1.0.0,
r2_qa,B4-center,adasind_271039.jpg,L6,L_only,ATTRIBUTE,,,qa,R05,adasind_271039.jpg L6,keep_with_reason,v1.0.0,
r2_qa,B4-center,adasind_295948.jpg,L1,L_only,BOX_GEOMETRY,,,qa,R01,adasind_295948.jpg L1,keep_with_reason,v1.0.0,
r1_craft,B4-center,adasind_270517.jpg,L7,na,IGNORE_SCOPE,,,,,,,,
r1_craft,B4-center,adasind_271039.jpg,L12,na,IGNORE_SCOPE,,,,,,,,
r1_craft,B4-center,adasind_271039.jpg,L1,na,SPURIOUS,,,,,,,,
r1_craft,B4-center,adasind_271039.jpg,L2,na,SPURIOUS,,,,,,,,
r1_craft,B4-center,adasind_271039.jpg,L3+R6,na,WRONG_CLASS,,,,,,,,
r1_craft,B4-center,adasind_271039.jpg,L11,na,SPURIOUS,,,,,,,,
r1_craft,B4-center,adasind_271039.jpg,R10,na,MISSING,,,,,,,,
r1_craft,B4-center,adasind_295948.jpg,L5,na,IGNORE_SCOPE,,,,,,,,
r1_craft,B4-center,adasind_295948.jpg,L6,na,IGNORE_SCOPE,,,,,,,,
r1_craft,B4-center,adasind_295948.jpg,L7,na,IGNORE_SCOPE,,,,,,,,
r1_craft,B4-center,adasind_295948.jpg,L8,na,IGNORE_SCOPE,,,,,,,,
r1_craft,B4-center,adasind_295948.jpg,L9,na,IGNORE_SCOPE,,,,,,,,
r1_craft,B4-center,adasind_295948.jpg,L10,na,IGNORE_SCOPE,,,,,,,,
r1_craft,B4-center,adasind_295948.jpg,L11,na,IGNORE_SCOPE,,,,,,,,
r1_craft,B4-center,adasind_295948.jpg,L2+R1,na,WRONG_CLASS,,,,,,,,
r1_craft,B4-center,adasind_295948.jpg,L3,na,SPURIOUS,,,,,,,,
r1_craft,B4-center,adasind_295948.jpg,L4+R3,na,WRONG_CLASS,,,,,,,,
r1_craft,B4-center,adasind_295948.jpg,L12,na,SPURIOUS,,,,,,,,
r3_diag,B4-center,adasind_270517.jpg,L3+R2,LR_noM,MISSING,E4_model_domain,P2,ai_team,R04,"adasind_270517.jpg L3+R2 người và ref đều thấy, model fisheye bỏ sót",keep_with_reason,v1.0.0,
r3_diag,B4-center,adasind_270517.jpg,L6+R4,LR_noM,MISSING,E4_model_domain,P2,ai_team,R04,"adasind_270517.jpg L6+R4 người và ref đều thấy, model fisheye bỏ sót",keep_with_reason,v1.0.0,
r3_diag,B4-center,adasind_270517.jpg,M5,M_only,SPURIOUS,E4_model_domain,P3,ai_team,R02,adasind_270517.jpg M5 model sinh box ảo trên nền nhiễu quang học,keep_with_reason,v1.0.0,
r3_diag,B4-center,adasind_270517.jpg,M6,M_only,SPURIOUS,E4_model_domain,P3,ai_team,R02,adasind_270517.jpg M6 model sinh box ảo trên nền nhiễu quang học,keep_with_reason,v1.0.0,
r3_diag,B4-center,adasind_270517.jpg,M7,M_only,SPURIOUS,E4_model_domain,P3,ai_team,R02,adasind_270517.jpg M7 model sinh box ảo trên nền nhiễu quang học,keep_with_reason,v1.0.0,
r3_diag,B4-center,adasind_270517.jpg,M9,M_only,SPURIOUS,E4_model_domain,P3,ai_team,R02,adasind_270517.jpg M9 model sinh box ảo trên nền nhiễu quang học,keep_with_reason,v1.0.0,
r3_diag,B4-center,adasind_270517.jpg,M10,M_only,SPURIOUS,E4_model_domain,P3,ai_team,R02,adasind_270517.jpg M10 model sinh box ảo trên nền nhiễu quang học,keep_with_reason,v1.0.0,
r3_diag,B4-center,adasind_270517.jpg,M11,M_only,SPURIOUS,E4_model_domain,P3,ai_team,R02,adasind_270517.jpg M11 model sinh box ảo trên nền nhiễu quang học,keep_with_reason,v1.0.0,
r3_diag,B4-center,adasind_271039.jpg,L6+R9,LR_noM,MISSING,E4_model_domain,P2,ai_team,R04,"adasind_271039.jpg L6+R9 người và ref đều thấy, model fisheye bỏ sót",keep_with_reason,v1.0.0,
r3_diag,B4-center,adasind_271039.jpg,L1,L_only,SPURIOUS,E1_annotator_error,P1,annotator,R01,adasind_271039.jpg L1 box vẽ dư ở khu vực khuất tầm nhìn,rework,v1.0.0,
r3_diag,B4-center,adasind_271039.jpg,L2,L_only,SPURIOUS,E5_unresolved,P2,qa,R05,adasind_271039.jpg L2 cần đối chiếu thêm với video liên tiếp,keep_with_reason,v1.0.0,
r3_diag,B4-center,adasind_271039.jpg,L3+M12,LM_noR,SPURIOUS,E0_reference_defect,P1,guideline,R04,"adasind_271039.jpg L3+M12 cả người và model đều phát hiện xe, reference bỏ sót",escalate,v1.0.0,
r3_diag,B4-center,adasind_271039.jpg,L11+M8,LM_noR,SPURIOUS,E2_guideline_gap,P2,guideline,R01,adasind_271039.jpg L11+M8 vật thể ở ranh giới ngưỡng kích thước,keep_with_reason,v1.0.0,
r3_diag,B4-center,adasind_271039.jpg,R6,R_only,MISSING,E1_annotator_error,P1,annotator,R04,adasind_271039.jpg R6 annotator bỏ sót đối tượng nhìn thấy trong reference,rework,v1.0.0,
r3_diag,B4-center,adasind_271039.jpg,R10,R_only,MISSING,E0_reference_defect,P2,guideline,R01,adasind_271039.jpg R10 reference gán vật quá mờ < 40px,keep_with_reason,v1.0.0,
r3_diag,B4-center,adasind_271039.jpg,M9,M_only,SPURIOUS,E4_model_domain,P3,ai_team,R02,adasind_271039.jpg M9 model sinh box ảo trên nền nhiễu quang học,keep_with_reason,v1.0.0,
r3_diag,B4-center,adasind_271039.jpg,M11,M_only,SPURIOUS,E4_model_domain,P3,ai_team,R02,adasind_271039.jpg M11 model sinh box ảo trên nền nhiễu quang học,keep_with_reason,v1.0.0,
r3_diag,B4-center,adasind_295948.jpg,L2+M2,LM_noR,SPURIOUS,E2_guideline_gap,P2,guideline,R01,adasind_295948.jpg L2+M2 vật thể ở ranh giới ngưỡng kích thước,keep_with_reason,v1.0.0,
r3_diag,B4-center,adasind_295948.jpg,L3+M6,LM_noR,SPURIOUS,E2_guideline_gap,P2,guideline,R01,adasind_295948.jpg L3+M6 vật thể ở ranh giới ngưỡng kích thước,keep_with_reason,v1.0.0,
r3_diag,B4-center,adasind_295948.jpg,L4,L_only,SPURIOUS,E1_annotator_error,P1,annotator,R01,adasind_295948.jpg L4 box vẽ dư ở khu vực khuất tầm nhìn,rework,v1.0.0,
r3_diag,B4-center,adasind_295948.jpg,L12,L_only,SPURIOUS,E5_unresolved,P2,qa,R05,adasind_295948.jpg L12 cần đối chiếu thêm với video liên tiếp,keep_with_reason,v1.0.0,
r3_diag,B4-center,adasind_295948.jpg,R1,R_only,MISSING,E1_annotator_error,P1,annotator,R04,adasind_295948.jpg R1 annotator bỏ sót đối tượng nhìn thấy trong reference,rework,v1.0.0,
r3_diag,B4-center,adasind_295948.jpg,R3,R_only,MISSING,E0_reference_defect,P2,guideline,R01,adasind_295948.jpg R3 reference gán vật quá mờ < 40px,keep_with_reason,v1.0.0,
